key,key:booking,key:passenger
booking-passenger-01,booking-01,passenger-01
booking-passenger-02,booking-01,passenger-02
booking-passenger-03,booking-01,passenger-03
booking-passenger-04,booking-01,passenger-04
booking-passenger-05,booking-01,passenger-05
booking-passenger-06,booking-01,passenger-06
booking-passenger-07,booking-01,passenger-07
booking-passenger-10,booking-01,passenger-37
booking-passenger-11,booking-01,passenger-38
booking-passenger-08,booking-03,passenger-08
booking-passenger-09,booking-02,passenger-09
booking-passenger-12,booking-21,passenger-39